{
  "experiment_id": "ARK-443",
  "backend": "ibm_marrakesh",
  "instance": "open-instance",
  "retrieved_utc": "2026-07-16T23:55:50.567094+00:00",
  "num_qubits": 156,
  "re_ceiling": 0.02,
  "readout_error": {
    "0": 0.0042724609375,
    "1": 0.0086669921875,
    "2": 0.003662109375,
    "3": 0.00732421875,
    "4": 0.006103515625,
    "5": 0.0048828125,
    "6": 0.0040283203125,
    "7": 0.00732421875,
    "8": 0.0101318359375,
    "9": 0.0130615234375,
    "10": 0.0074462890625,
    "11": 0.00830078125,
    "12": 0.0050048828125,
    "13": 0.0098876953125,
    "14": 0.001708984375,
    "15": 0.0118408203125,
    "16": 0.0086669921875,
    "17": 0.01806640625,
    "18": 0.0111083984375,
    "19": 0.0047607421875,
    "20": 0.0057373046875,
    "21": 0.00634765625,
    "22": 0.0093994140625,
    "23": 0.0460205078125,
    "24": 0.0208740234375,
    "25": 0.040283203125,
    "26": 0.0770263671875,
    "27": 0.0250244140625,
    "28": 0.0218505859375,
    "29": 0.019287109375,
    "30": 0.01318359375,
    "31": 0.0137939453125,
    "32": 0.0081787109375,
    "33": 0.00830078125,
    "34": 0.0030517578125,
    "35": 0.007568359375,
    "36": 0.0228271484375,
    "37": 0.0263671875,
    "38": 0.0146484375,
    "39": 0.016357421875,
    "40": 0.0169677734375,
    "41": 0.0220947265625,
    "42": 0.007568359375,
    "43": 0.013427734375,
    "44": 0.012451171875,
    "45": 0.0260009765625,
    "46": 0.009521484375,
    "47": 0.0107421875,
    "48": 0.0526123046875,
    "49": 0.0079345703125,
    "50": 0.018310546875,
    "51": 0.0439453125,
    "52": 0.015625,
    "53": 0.0213623046875,
    "54": 0.0018310546875,
    "55": 0.0086669921875,
    "56": 0.0111083984375,
    "57": 0.0328369140625,
    "58": 0.0255126953125,
    "59": 0.0113525390625,
    "60": 0.007568359375,
    "61": 0.0140380859375,
    "62": 0.0118408203125,
    "63": 0.0472412109375,
    "64": 0.009033203125,
    "65": 0.02392578125,
    "66": 0.0079345703125,
    "67": 0.046630859375,
    "68": 0.090576171875,
    "69": 0.0362548828125,
    "70": 0.01953125,
    "71": 0.018798828125,
    "72": 0.011962890625,
    "73": 0.015625,
    "74": 0.0179443359375,
    "75": 0.005126953125,
    "76": 0.0233154296875,
    "77": 0.0072021484375,
    "78": 0.0054931640625,
    "79": 0.0670166015625,
    "80": 0.0115966796875,
    "81": 0.0203857421875,
    "82": 0.51123046875,
    "83": 0.1361083984375,
    "84": 0.018310546875,
    "85": 0.004638671875,
    "86": 0.0050048828125,
    "87": 0.01171875,
    "88": 0.0234375,
    "89": 0.015869140625,
    "90": 0.0281982421875,
    "91": 0.0064697265625,
    "92": 0.00927734375,
    "93": 0.005126953125,
    "94": 0.0081787109375,
    "95": 0.0074462890625,
    "96": 0.0362548828125,
    "97": 0.026611328125,
    "98": 0.007568359375,
    "99": 0.0093994140625,
    "100": 0.0142822265625,
    "101": 0.0244140625,
    "102": 0.028076171875,
    "103": 0.01318359375,
    "104": 0.005615234375,
    "105": 0.0089111328125,
    "106": 0.0570068359375,
    "107": 0.041015625,
    "108": 0.0150146484375,
    "109": 0.0086669921875,
    "110": 0.012451171875,
    "111": 0.012451171875,
    "112": 0.005126953125,
    "113": 0.345947265625,
    "114": 0.0086669921875,
    "115": 0.009765625,
    "116": 0.015625,
    "117": 0.0111083984375,
    "118": 0.008056640625,
    "119": 0.105224609375,
    "120": 0.0052490234375,
    "121": 0.02734375,
    "122": 0.0052490234375,
    "123": 0.0184326171875,
    "124": 0.007568359375,
    "125": 0.0098876953125,
    "126": 0.0091552734375,
    "127": 0.029541015625,
    "128": 0.0137939453125,
    "129": 0.0123291015625,
    "130": 0.4793701171875,
    "131": 0.004638671875,
    "132": 0.0086669921875,
    "133": 0.0062255859375,
    "134": 0.0042724609375,
    "135": 0.0206298828125,
    "136": 0.0125732421875,
    "137": 0.025146484375,
    "138": 0.0087890625,
    "139": 0.0059814453125,
    "140": 0.0030517578125,
    "141": 0.0059814453125,
    "142": 0.0054931640625,
    "143": 0.01611328125,
    "144": 0.022705078125,
    "145": 0.020263671875,
    "146": 0.0047607421875,
    "147": 0.007568359375,
    "148": 0.004638671875,
    "149": 0.0062255859375,
    "150": 0.0216064453125,
    "151": 0.0142822265625,
    "152": 0.0206298828125,
    "153": 0.011962890625,
    "154": 0.007568359375,
    "155": 0.0062255859375
  },
  "backend_version": 2,
  "processor_type": "{'family': 'Heron', 'revision': '2'}"
}