{
  "experiment_id": "ARK-445b",
  "backend": "ibm_marrakesh",
  "num_qubits": 156,
  "snapshot_timestamp_utc": "2026-07-17T02:11:24.097895+00:00",
  "re_ceiling": 0.02,
  "selected_pair": [
    2,
    1
  ],
  "readout_errors_selected": {
    "2": 0.003173828125,
    "1": 0.002197265625
  },
  "T1_us": {
    "2": 293.3626029852645,
    "1": 125.31074672438865
  },
  "T2_us": {
    "2": 405.87585315625637,
    "1": 101.79580318874604
  }
}