{
  "experiment_id": "ARK-445",
  "backend": "ibm_marrakesh",
  "num_qubits": 156,
  "snapshot_timestamp_utc": "2026-07-17T01:34:14.221968+00:00",
  "re_ceiling": 0.02,
  "selected_pair": [
    2,
    1
  ],
  "readout_errors_selected": {
    "2": 0.003173828125,
    "1": 0.002197265625
  },
  "T1_us": {
    "2": 352.9512959602418,
    "1": 150.40289934414508
  },
  "T2_us": {
    "2": 360.5085429960518,
    "1": 130.44714720433385
  }
}