{
  "Q_A": 1,
  "Q_P": 2,
  "RE_A": 0.002197,
  "RE_P": 0.003174,
  "sum_RE": 0.005371,
  "RE_threshold": 0.02,
  "constraint_met": true,
  "calibration_ts": "2026-07-17 03:13:32+00:00"
}