{
  "job_id": "d9cpfoineu4c739m9ek0",
  "backend": "ibm_marrakesh",
  "Q_A": 1,
  "Q_P": 2,
  "shots": 8192,
  "SPAM_A": {
    "counts": {
      "1": 8083,
      "0": 109
    },
    "error": 0.0133056640625
  },
  "SPAM_P": {
    "counts": {
      "0": 4142,
      "1": 4050
    },
    "prob_1": 0.494384765625,
    "deviation_from_0.5": 0.005615234375
  },
  "gate_passed": true
}